{"meta":{"version":1,"warehouse":"4.0.0"},"models":{"Asset":[{"_id":"themes/yilia/source/main.0cf68a.css","path":"main.0cf68a.css","modified":0,"renderable":1},{"_id":"themes/yilia/source/main.0cf68a.js","path":"main.0cf68a.js","modified":0,"renderable":1},{"_id":"themes/yilia/source/mobile.992cbe.js","path":"mobile.992cbe.js","modified":0,"renderable":1},{"_id":"themes/yilia/source/slider.e37972.js","path":"slider.e37972.js","modified":0,"renderable":1},{"_id":"themes/yilia/source/fonts/default-skin.b257fa.svg","path":"fonts/default-skin.b257fa.svg","modified":0,"renderable":1},{"_id":"themes/yilia/source/fonts/iconfont.16acc2.ttf","path":"fonts/iconfont.16acc2.ttf","modified":0,"renderable":1},{"_id":"themes/yilia/source/fonts/iconfont.45d7ee.svg","path":"fonts/iconfont.45d7ee.svg","modified":0,"renderable":1},{"_id":"themes/yilia/source/fonts/iconfont.8c627f.woff","path":"fonts/iconfont.8c627f.woff","modified":0,"renderable":1},{"_id":"themes/yilia/source/fonts/iconfont.b322fa.eot","path":"fonts/iconfont.b322fa.eot","modified":0,"renderable":1},{"_id":"themes/yilia/source/fonts/tooltip.4004ff.svg","path":"fonts/tooltip.4004ff.svg","modified":0,"renderable":1},{"_id":"themes/yilia/source/img/default-skin.png","path":"img/default-skin.png","modified":0,"renderable":1},{"_id":"themes/yilia/source/img/preloader.gif","path":"img/preloader.gif","modified":0,"renderable":1},{"_id":"themes/yilia/source/img/scrollbar_arrow.png","path":"img/scrollbar_arrow.png","modified":0,"renderable":1}],"Cache":[{"_id":"source/_posts/个人BLOG的搭建.md","hash":"6f6939d1969d766b3a16b8e5061aa57f9f93b34d","modified":1600506629827},{"_id":"themes/yilia/layout/_partial/toc.ejs","hash":"da39a3ee5e6b4b0d3255bfef95601890afd80709","modified":1600498041664},{"_id":"themes/yilia/.babelrc","hash":"b1b76475ac17dc9e2fa50af96c9e31eea2d0f2b4","modified":1600498041664},{"_id":"themes/yilia/.editorconfig","hash":"da6d022b8f4d9c961e2f8f80677e92af8de0db4d","modified":1600498041664},{"_id":"themes/yilia/.eslintignore","hash":"df0a50b13cc00acb749226fee3cee6e0351fb1d9","modified":1600498041664},{"_id":"themes/yilia/.eslintrc.js","hash":"5696ae049de010ed3786768b0c359f14c05b5ec6","modified":1600498041664},{"_id":"themes/yilia/.gitattributes","hash":"e0f24dceeb1e6878a1dd9b01a2b9df1bc037a867","modified":1600498041664},{"_id":"themes/yilia/.gitignore","hash":"9c4b7d27a1e3e5efa0c8ed143a032a85d586b03b","modified":1600498041664},{"_id":"themes/yilia/README.md","hash":"1bf755806af9d8874bd22e1abbdaaa24328ef4dc","modified":1600498041664},{"_id":"themes/yilia/_config.yml","hash":"c3a1694c111e2e1f05a174bd893fe951038fbda2","modified":1600498041664},{"_id":"themes/yilia/package.json","hash":"367cb9579d35968a942c243ab248a5f5ebfaf462","modified":1600498041664},{"_id":"themes/yilia/webpack.config.js","hash":"05ba46a4ae744272f5312e684928910dccad3755","modified":1600498041672},{"_id":"themes/yilia/languages/default.yml","hash":"3083f319b352d21d80fc5e20113ddf27889c9d11","modified":1600498041664},{"_id":"themes/yilia/languages/fr.yml","hash":"84ab164b37c6abf625473e9a0c18f6f815dd5fd9","modified":1600498041664},{"_id":"themes/yilia/languages/nl.yml","hash":"12ed59faba1fc4e8cdd1d42ab55ef518dde8039c","modified":1600498041664},{"_id":"themes/yilia/languages/no.yml","hash":"965a171e70347215ec726952e63f5b47930931ef","modified":1600498041664},{"_id":"themes/yilia/languages/ru.yml","hash":"4fda301bbd8b39f2c714e2c934eccc4b27c0a2b0","modified":1600498041664},{"_id":"themes/yilia/languages/zh-CN.yml","hash":"ca40697097ab0b3672a80b455d3f4081292d1eed","modified":1600498041664},{"_id":"themes/yilia/languages/zh-tw.yml","hash":"53ce3000c5f767759c7d2c4efcaa9049788599c3","modified":1600498041664},{"_id":"themes/yilia/layout/archive.ejs","hash":"2703b07cc8ac64ae46d1d263f4653013c7e1666b","modified":1600498041664},{"_id":"themes/yilia/layout/category.ejs","hash":"765426a9c8236828dc34759e604cc2c52292835a","modified":1600498041664},{"_id":"themes/yilia/layout/index.ejs","hash":"a35dc900203f9d8dd863ea4c1722198d6d457ec8","modified":1600498041664},{"_id":"themes/yilia/layout/layout.ejs","hash":"0a332bdbd3b86c231d690614687f5b97186b85d5","modified":1600498041664},{"_id":"themes/yilia/layout/page.ejs","hash":"7d80e4e36b14d30a7cd2ac1f61376d9ebf264e8b","modified":1600498041664},{"_id":"themes/yilia/layout/post.ejs","hash":"7d80e4e36b14d30a7cd2ac1f61376d9ebf264e8b","modified":1600498041664},{"_id":"themes/yilia/layout/tag.ejs","hash":"eaa7b4ccb2ca7befb90142e4e68995fb1ea68b2e","modified":1600498041664},{"_id":"themes/yilia/source/main.0cf68a.css","hash":"ddf6e2c6b953c2c59a3c271e6070010a4cc81cf9","modified":1600498041668},{"_id":"themes/yilia/source-src/css.ejs","hash":"94dbdb02ca11849e415d54fb28546a598f2cffb1","modified":1600498041664},{"_id":"themes/yilia/source/slider.e37972.js","hash":"6dec4e220c89049037eebc44404abd8455d22ad7","modified":1600498041672},{"_id":"themes/yilia/source-src/script.ejs","hash":"c21381e1317db7bb157f1d182b8c088cb7cba411","modified":1600498041668},{"_id":"themes/yilia/layout/_partial/after-footer.ejs","hash":"b86b248720ad415ec1b5fee53fb583776c776f83","modified":1600498041664},{"_id":"themes/yilia/layout/_partial/archive-post.ejs","hash":"1f7d4819b7f67602c4a1b99871808d2160b60978","modified":1600498041664},{"_id":"themes/yilia/layout/_partial/archive.ejs","hash":"a6e94061ac55b9eb55275f87b608d62f6ea35659","modified":1600498041664},{"_id":"themes/yilia/layout/_partial/aside.ejs","hash":"8edbd7993b9b061611a193533a664e2e85eae748","modified":1600498041664},{"_id":"themes/yilia/layout/_partial/article.ejs","hash":"630c6ec866d056657d3d91e34b4c64eb993c0654","modified":1600498041664},{"_id":"themes/yilia/layout/_partial/css.ejs","hash":"236f8a377b2e4e35754319c3029bcd4a4115431d","modified":1600498041664},{"_id":"themes/yilia/layout/_partial/baidu-analytics.ejs","hash":"f0e6e88f9f7eb08b8fe51449a8a3016273507924","modified":1600498041664},{"_id":"themes/yilia/layout/_partial/google-analytics.ejs","hash":"f921e7f9223d7c95165e0f835f353b2938e40c45","modified":1600498041664},{"_id":"themes/yilia/layout/_partial/footer.ejs","hash":"f2994e0acd1d606ebf4680afc4fa652e148ccf4e","modified":1600498041664},{"_id":"themes/yilia/layout/_partial/head.ejs","hash":"64f092186b5a744aa1603ce22bb1d44a34446add","modified":1600498041664},{"_id":"themes/yilia/layout/_partial/header.ejs","hash":"6387a93dad7c3d778eb91e3821852fbf6813880c","modified":1600498041664},{"_id":"themes/yilia/layout/_partial/left-col.ejs","hash":"183d7ca4ba8e7c80694ffdc8cf39957092238346","modified":1600498041664},{"_id":"themes/yilia/layout/_partial/mathjax.ejs","hash":"151a1ef2173ba7b6789d349f0f8da89616cc1394","modified":1600498041664},{"_id":"themes/yilia/layout/_partial/mobile-nav.ejs","hash":"7fbbfabf5e29525b24ada14613c21a26789132b4","modified":1600498041664},{"_id":"themes/yilia/layout/_partial/tools.ejs","hash":"c41341b9618e591538e1136a2d1637587c1bbd90","modified":1600498041664},{"_id":"themes/yilia/source/fonts/default-skin.b257fa.svg","hash":"2ac727c9e092331d35cce95af209ccfac6d4c7c7","modified":1600498041668},{"_id":"themes/yilia/layout/_partial/viewer.ejs","hash":"e495790b2abe2290875817e42bd505bc611d3e26","modified":1600498041664},{"_id":"themes/yilia/source/fonts/iconfont.16acc2.ttf","hash":"f342ac8bf4d937f42a7d6a0032ad267ab47eb7f2","modified":1600498041668},{"_id":"themes/yilia/source/fonts/iconfont.45d7ee.svg","hash":"f9304e5714d20861be7d8f4d36687e88e86b9e1b","modified":1600498041668},{"_id":"themes/yilia/source/fonts/iconfont.8c627f.woff","hash":"aa9672cb097f7fd73ae5a03bcd3d9d726935bc0a","modified":1600498041668},{"_id":"themes/yilia/source/fonts/iconfont.b322fa.eot","hash":"bc8c5e88f4994a852041b4d83f126d9c4d419b4a","modified":1600498041668},{"_id":"themes/yilia/source/img/default-skin.png","hash":"ed95a8e40a2c3478c5915376acb8e5f33677f24d","modified":1600498041668},{"_id":"themes/yilia/source/fonts/tooltip.4004ff.svg","hash":"397fe4b1093bf9b62457dac48aa15dac06b54a3c","modified":1600498041668},{"_id":"themes/yilia/source/img/preloader.gif","hash":"6342367c93c82da1b9c620e97c84a389cc43d96d","modified":1600498041668},{"_id":"themes/yilia/source/img/scrollbar_arrow.png","hash":"d64a33c4ddfbdb89deeb6f4e3d36eb84dc4777c0","modified":1600498041668},{"_id":"themes/yilia/source-src/css/_core.scss","hash":"24f347a2412abbf58318369152504da9538f8d3b","modified":1600498041664},{"_id":"themes/yilia/source-src/css/_function.scss","hash":"93a50dd19a93485712da1f8d0a1672482dd1eabc","modified":1600498041664},{"_id":"themes/yilia/source-src/css/archive.scss","hash":"7d27e22ac898e8fafec14549e940c73cbea1fba8","modified":1600498041664},{"_id":"themes/yilia/source-src/css/article-inner.scss","hash":"d79f2d35a06de83a2a226ca790b7a0a34789c115","modified":1600498041664},{"_id":"themes/yilia/source-src/css/article-main.scss","hash":"3fad68bd74260326f83090b0974dd80707e7bac7","modified":1600498041664},{"_id":"themes/yilia/source-src/css/article-nav.scss","hash":"43e507f2a48504079afd9471353337e23ca47470","modified":1600498041664},{"_id":"themes/yilia/source-src/css/article.scss","hash":"0f6d61af99ed4db87f8589db1feaea7747b55963","modified":1600498041664},{"_id":"themes/yilia/source-src/css/aside.scss","hash":"578a67464dd0f542197f7fcee158c991db058563","modified":1600498041664},{"_id":"themes/yilia/source-src/css/comment.scss","hash":"cafe3834017a3bf47420f37543725025225a2c89","modified":1600498041664},{"_id":"themes/yilia/source-src/css/fonts.scss","hash":"97b8fba41c914145710b90091f400b845879577f","modified":1600498041668},{"_id":"themes/yilia/source-src/css/footer.scss","hash":"7c995410b25baaf61dfc5e148e22ca60330abcd3","modified":1600498041668},{"_id":"themes/yilia/source-src/css/global.scss","hash":"b4cb4f45a55d4250cd9056f76dab2a3c0dabcec4","modified":1600498041668},{"_id":"themes/yilia/source-src/css/grid.scss","hash":"849a29fcd7150214fcf7b9715fa5dc71d1f9b896","modified":1600498041668},{"_id":"themes/yilia/source-src/css/highlight.scss","hash":"3719994c2c9393813cc1d42b657205c368a329cb","modified":1600498041668},{"_id":"themes/yilia/source-src/css/left.scss","hash":"0d30c0e7cdb831c3881a017006c782f2214ac195","modified":1600498041668},{"_id":"themes/yilia/source-src/css/main.scss","hash":"2f86a014af93583caba78a563d9549826bf28294","modified":1600498041668},{"_id":"themes/yilia/source-src/css/mobile-slider.scss","hash":"f053c609d84df0dd9eee1d11ddf0c19163a456be","modified":1600498041668},{"_id":"themes/yilia/source-src/css/mobile.scss","hash":"ace041d72f95b419f6a5e443191703c2b62007f4","modified":1600498041668},{"_id":"themes/yilia/source-src/css/page.scss","hash":"bf206bb7f7d0967bc8b7fdf01b7ffc99aff9ba88","modified":1600498041668},{"_id":"themes/yilia/source-src/css/reward.scss","hash":"80a4fcf9171d4a33235da96ac8a2b7dcabc45dfb","modified":1600498041668},{"_id":"themes/yilia/source-src/css/scroll.scss","hash":"9c8dfd1c76854ef063494ca76fac6360b391ed6d","modified":1600498041668},{"_id":"themes/yilia/source-src/css/share.scss","hash":"150c6425f6582e7ec78a873256ce49c9930e8805","modified":1600498041668},{"_id":"themes/yilia/source-src/css/social.scss","hash":"724162ccf3977e70a45d189abfaa20b6e2fba87b","modified":1600498041668},{"_id":"themes/yilia/source-src/css/tags-cloud.scss","hash":"c8aa84fca93862d3caae77c552873b8610f33327","modified":1600498041668},{"_id":"themes/yilia/source-src/css/tags.scss","hash":"ac67a3c7097849206244db9b0ba91daaba017ef5","modified":1600498041668},{"_id":"themes/yilia/source-src/css/tools.scss","hash":"1b1aa0908e58cf942b28e3881d07c5573c4129e1","modified":1600498041668},{"_id":"themes/yilia/source-src/css/tooltip.scss","hash":"53d5a554bc2f38e9bb3d26400a47767013c05216","modified":1600498041668},{"_id":"themes/yilia/source-src/js/anm.js","hash":"4a4c5d82b09a3063f91a434388e6aa064fd7fd98","modified":1600498041668},{"_id":"themes/yilia/source-src/js/Q.js","hash":"d011af172064b6c6e0c7051d8f9879373ddac113","modified":1600498041668},{"_id":"themes/yilia/source-src/js/aside.js","hash":"754f771264548a6c5a8ad842908e59ae4e7ed099","modified":1600498041668},{"_id":"themes/yilia/source-src/js/browser.js","hash":"04095b38cfd4316a23f8eb14b1ffaf95f78a4260","modified":1600498041668},{"_id":"themes/yilia/source-src/js/fix.js","hash":"d6782d53c992e712af39c84e804eccaf38830b94","modified":1600498041668},{"_id":"themes/yilia/source-src/js/main.js","hash":"3894e60827c817319e43c9ff3ed045fc3d7336ce","modified":1600498041668},{"_id":"themes/yilia/source-src/js/mobile.js","hash":"4d823b039fd296d24a454eae5a798b93c44560cb","modified":1600498041668},{"_id":"themes/yilia/source-src/js/report.js","hash":"4f1d9a18a936ce40b037f636a39127dd19175b6e","modified":1600498041668},{"_id":"themes/yilia/source-src/js/share.js","hash":"b090f82cf80cba7da764753906d9e2cc2acdf30d","modified":1600498041668},{"_id":"themes/yilia/source-src/js/slider.js","hash":"e846bcc5aac9c68b93f7b8de353df54d8d29f666","modified":1600498041668},{"_id":"themes/yilia/source-src/js/util.js","hash":"8456e9d6b19532742582c99b2fb9d09e146e1c58","modified":1600498041668},{"_id":"themes/yilia/source-src/js/viewer.js","hash":"2577deb6a9fe4f5436360b2ce9afcc7f9a7f0116","modified":1600498041668},{"_id":"themes/yilia/layout/_partial/post/category.ejs","hash":"0809a4829aabeb4e911a3ed04ec28db4df7dfe3f","modified":1600498041664},{"_id":"themes/yilia/layout/_partial/post/changyan.ejs","hash":"5f99b55980da64a723a8e14d5a7daba0d6504647","modified":1600498041664},{"_id":"themes/yilia/layout/_partial/post/date.ejs","hash":"ef71c4081e866a494367575c59610e7e6339ece0","modified":1600498041664},{"_id":"themes/yilia/layout/_partial/post/duoshuo.ejs","hash":"e8399025ed3b980aedb821c92855889f5f12fd5b","modified":1600498041664},{"_id":"themes/yilia/layout/_partial/post/gitment.ejs","hash":"e68bbac9ffb1ad27b56837c9abad6ed6bb7daa0c","modified":1600498041664},{"_id":"themes/yilia/layout/_partial/post/nav.ejs","hash":"1036c8e4e1a7bc935ba173744da735a0d6ed09cd","modified":1600498041664},{"_id":"themes/yilia/layout/_partial/post/share.ejs","hash":"5dccfbe165b23a101f1333cc65ed8efbd197453c","modified":1600498041664},{"_id":"themes/yilia/layout/_partial/post/tag.ejs","hash":"2e783e68755abb852760eb0e627a3fbb50a05a55","modified":1600498041664},{"_id":"themes/yilia/layout/_partial/post/title.ejs","hash":"2f275739b6f1193c123646a5a31f37d48644c667","modified":1600498041664},{"_id":"themes/yilia/layout/_partial/post/wangyiyun.ejs","hash":"ea41c462168d9697caef9485862e9cac718a12c1","modified":1600498041664},{"_id":"themes/yilia/source-src/css/core/_animation.scss","hash":"63a37f26276f9207405afe0f2d65339ce295bbaf","modified":1600498041668},{"_id":"themes/yilia/source-src/css/core/_media-queries.scss","hash":"491ab3378d5c11005ba65c607608bb36b368a9d5","modified":1600498041668},{"_id":"themes/yilia/source-src/css/core/_mixin.scss","hash":"3bba5c77bad5981eac859fe05c9561d580ba7fa9","modified":1600498041668},{"_id":"themes/yilia/source-src/css/core/_variables.scss","hash":"fb511c505d1309249f21dc577d4ad2bad99a764f","modified":1600498041668},{"_id":"themes/yilia/source-src/css/core/_reset.scss","hash":"fab871fa93bd542e76a71a56428f2994a4aaf443","modified":1600498041668},{"_id":"themes/yilia/source-src/css/fonts/iconfont.eot","hash":"bc8c5e88f4994a852041b4d83f126d9c4d419b4a","modified":1600498041668},{"_id":"themes/yilia/source-src/css/fonts/iconfont.svg","hash":"f9304e5714d20861be7d8f4d36687e88e86b9e1b","modified":1600498041668},{"_id":"themes/yilia/source-src/css/fonts/iconfont.ttf","hash":"f342ac8bf4d937f42a7d6a0032ad267ab47eb7f2","modified":1600498041668},{"_id":"themes/yilia/source-src/css/fonts/iconfont.woff","hash":"aa9672cb097f7fd73ae5a03bcd3d9d726935bc0a","modified":1600498041668},{"_id":"themes/yilia/source-src/css/img/checkered-pattern.png","hash":"049262fa0886989d750637b264bed34ab51c23c8","modified":1600498041668},{"_id":"themes/yilia/source-src/css/img/scrollbar_arrow.png","hash":"d64a33c4ddfbdb89deeb6f4e3d36eb84dc4777c0","modified":1600498041668},{"_id":"themes/yilia/source-src/css/img/tooltip.svg","hash":"397fe4b1093bf9b62457dac48aa15dac06b54a3c","modified":1600498041668},{"_id":"themes/yilia/source/main.0cf68a.js","hash":"993fadeb5f6d296e9d997a49ee20dc97333ceab7","modified":1600498041668},{"_id":"themes/yilia/source/mobile.992cbe.js","hash":"01b35e71e37aa2849664eb5daf26daede2278398","modified":1600498041672},{"_id":"themes/yilia/layout/_partial/script.ejs","hash":"4cb685f07e89dd5175c2a576e73a1a957aec5637","modified":1600498041664},{"_id":"public/content.json","hash":"9f3db0c480ce96a798925cca7577d92cbe5361c8","modified":1600506770076},{"_id":"public/2020/09/19/个人BLOG的搭建/index.html","hash":"51e7580485f21fa7fdb2082b244caa9e7984155f","modified":1600506770076},{"_id":"public/index.html","hash":"1e8f206ae9c8c553678fe5955eec22a5e3965b66","modified":1600506770076},{"_id":"public/archives/index.html","hash":"0e6494f8130fae5620ce128bceea0e5f7a0c470f","modified":1600506770076},{"_id":"public/archives/2020/index.html","hash":"852897486ca465da78f9b6f275fd789b41a0c945","modified":1600506770076},{"_id":"public/archives/2020/09/index.html","hash":"68f93e7ced02ab6cb63a13be18d2e4c0dbbdb0f5","modified":1600506770076},{"_id":"public/tags/教程/index.html","hash":"a4175682c5b378307ec19189b08676199f60def6","modified":1600506770076},{"_id":"public/fonts/default-skin.b257fa.svg","hash":"2ac727c9e092331d35cce95af209ccfac6d4c7c7","modified":1600506770076},{"_id":"public/fonts/iconfont.16acc2.ttf","hash":"f342ac8bf4d937f42a7d6a0032ad267ab47eb7f2","modified":1600506770076},{"_id":"public/fonts/iconfont.45d7ee.svg","hash":"f9304e5714d20861be7d8f4d36687e88e86b9e1b","modified":1600506770076},{"_id":"public/fonts/iconfont.8c627f.woff","hash":"aa9672cb097f7fd73ae5a03bcd3d9d726935bc0a","modified":1600506770076},{"_id":"public/fonts/tooltip.4004ff.svg","hash":"397fe4b1093bf9b62457dac48aa15dac06b54a3c","modified":1600506770076},{"_id":"public/img/default-skin.png","hash":"ed95a8e40a2c3478c5915376acb8e5f33677f24d","modified":1600506770076},{"_id":"public/fonts/iconfont.b322fa.eot","hash":"bc8c5e88f4994a852041b4d83f126d9c4d419b4a","modified":1600506770076},{"_id":"public/img/preloader.gif","hash":"6342367c93c82da1b9c620e97c84a389cc43d96d","modified":1600506770076},{"_id":"public/img/scrollbar_arrow.png","hash":"d64a33c4ddfbdb89deeb6f4e3d36eb84dc4777c0","modified":1600506770076},{"_id":"public/main.0cf68a.css","hash":"ddf6e2c6b953c2c59a3c271e6070010a4cc81cf9","modified":1600506770076},{"_id":"public/slider.e37972.js","hash":"6dec4e220c89049037eebc44404abd8455d22ad7","modified":1600506770076},{"_id":"public/main.0cf68a.js","hash":"993fadeb5f6d296e9d997a49ee20dc97333ceab7","modified":1600506770076},{"_id":"public/mobile.992cbe.js","hash":"01b35e71e37aa2849664eb5daf26daede2278398","modified":1600506770076}],"Category":[],"Data":[],"Page":[],"Post":[{"title":"个人BLOG的搭建","date":"2020-09-19T07:23:46.000Z","_content":"\n#  搭建blog的流程\n\n##  前言\n\n​\t近来学习git的用法，尝试使用github来管理自己的文件，干脆就继续搭一个git的blog，以后估计也会一直维护，不断改进。正好完成该blog的第一个post。\n\n​\t搭建环境是ubuntu，这篇仅仅只是搭建。\n\n​\t在搭建时建议进入root模式，避免权限问题，如下进入\n\n```\n$sudo su\n```\n\n\n\n##  安装nodejs和npm\n\n​\t在网上了解了一下，选择了hexo框架来搭建blog，前置当然是要下载的。\n\n```\n$ apt install node//安装nodejs\n$ apt install npm//安装npm\n$ npm install -g cnpm --registry=http://registry.npm.taobao.org\n//换taobao的源用npm下载cnpm\n//安装完成可以使用--version查看版本\n```\n\n##  全局安装hexo\n\n```\n$ cnpm install -g hexo-cli\n$ hexo --version//查看版本，检查是否成功\n```\n\n接下来决定安装目录\n\n```\n$ pwd\nusername//个人文件夹，各自选择\n$ mkdir blog //在当前目录下创建blog文件夹，后续操作全部在此文件夹下，名字各自取\n$ cd blog//进入blog\n```\n\n接下来开始用hexo搭建blog\n\n```\n$ hexo init\nINFO Clioning hexo-starter to /User/username/blog\n...\nClioning into \"/User/username/blog/themes/landscape\"...\n//初始给你了个landscape的主题\n...\nINFO Start blogging with Hexo!\n```\n\nhexo目前已经安装完整。\n\n##  启动blog\n\n```\n$ hexo s//启动hexo博客\nINFO Start processing\nINFO Hexo is running at http://localhost:4000. Press Ctrl+C to stop.\n```\n\n​\t在浏览器输入localhost:4000，就能看到目前生成在本地的blog了。\n\n​\tHexo给你新建了一个HelloWorld文章，里面有hexo的一些操作，可以关注一下。\n\n##  写post\n\n​\t现在写一篇自己的post。\n\n```\nhexo n \"我的第一篇博客文章\"//new了一个名字为“我的第一篇博客文章”的markdown文件。\n```\n\n​\t该post在blog的下属文件夹\n\n```\n$ cd source/_posts/\n```\n\n​\t用vim或者别的什么markdown工具编辑文件\n\n```\n---\ntitle: 我的第一篇博客文章\ndate: 2020-0x-0x 12:20:20\ntags: 标签\n---\n注意在上面：的后面一定要接一个空格\n```\n\n​\t保存退出，接下来退回blog文件夹下\n\n```\n$ cd ../..\n$ pwd\n/Users/username/blog\n```\n\n​\t然后进行下面的操作\n\n```\n$ hexo clean\n$ hexo g//生成hexoblog\n$ hexo s//再次启动hexo\n```\n\n​\t之后刷新一下localhost:4000，就可以发现已经提交了新的post。\n\n##  部署到github上\n\n​\t第一步，当然是登录github\n\n​\t第二步，新建一个库，库名为 xxxx.github.io(注意xxxx是你的名字，比如我是TZSY，就是TZSY.github.io),必须符合要求。随意写下description然后create repository就完事了。\n\n​\t然后回到shell，安装一个工具\n\n```\n$ cnpm install --save hexo-deployer-git\n```\n\n​\t安装完成，我们就需要配置这个工具了。打开_config.yml，我照样使用vim打开。\n\n```\n$ vim _config.yml\n```\n\n​\t到最底部\n\n```\n# Deployment\n## Docs: http://hexo.io/docs/deployment.html\ndeploy:\n  type:\n```\n\n​\t改成\n\n```\n# Deployment\n## Docs: http://hexo.io/docs/deployment.html\ndeploy:\n  type: git\n  repo: https://github.com/xxxx/xxxx.github.io.git\n  branch:master\n```\n\n​\txxxx是各自的昵称，当然可以去github那边直接复制这个https://.....;branch不写就是默认master，要改分支就改成自己想要的分支。\n\n​\t_config.yml目前就修改完成了，下一步就是部署到远端。\n\n```\n$ hexo d\nUsername for \"https://github.com\":\nPassword for \"https://xxxx@github.com\":\n输入就完事了\n```\n\n​\t可能还会有报错，我遇到的是没有global设置\n\n```\n$ git config --global user.email \"xxxx@xx.com\"\n$ git config --global user.name \"xxxx\"\n```\n\n​\t设置完成后再\n\n```\n$ hexo d\n```\n\n​\t就部署成功了，可以使用xxxx.github.io访问了。\n##  主题的更换\n\n​\t还是在blog目录下操作\n\n```\n$ git clone http://github.com/litten/hexo-theme-yilia.git themes/yilia\n```\n\n​\t这是一个叫yilia的hexo主题，大家可以自行寻找其他的主题，还是一样的操作。\n\n​\t修改_config.yml中的theme行\n\n```\n$ theme: landscape  \n改成\n$ theme: yilia\n```\n\n​\t保存退出。\n\n```\n$ hexo clean\n$ hexo g\n$ hexo s\n$ hexo d\n```\n\n​\t然后进去之后再按照各自主题的说明进行对_config.yml的修改。\n\n##  参考资料\n\n​\t搭建blog的大部分内容都参考于B站CodeSheep的讲解视频。非常感谢他的视频对我的指导。以下贴出视频链接：https://www.bilibili.com/video/BV1Yb411a7ty/\n\n\n","source":"_posts/个人BLOG的搭建.md","raw":"---\ntitle: 个人BLOG的搭建\ndate: 2020-09-19 15:23:46\ntags: 教程\n\n---\n\n#  搭建blog的流程\n\n##  前言\n\n​\t近来学习git的用法，尝试使用github来管理自己的文件，干脆就继续搭一个git的blog，以后估计也会一直维护，不断改进。正好完成该blog的第一个post。\n\n​\t搭建环境是ubuntu，这篇仅仅只是搭建。\n\n​\t在搭建时建议进入root模式，避免权限问题，如下进入\n\n```\n$sudo su\n```\n\n\n\n##  安装nodejs和npm\n\n​\t在网上了解了一下，选择了hexo框架来搭建blog，前置当然是要下载的。\n\n```\n$ apt install node//安装nodejs\n$ apt install npm//安装npm\n$ npm install -g cnpm --registry=http://registry.npm.taobao.org\n//换taobao的源用npm下载cnpm\n//安装完成可以使用--version查看版本\n```\n\n##  全局安装hexo\n\n```\n$ cnpm install -g hexo-cli\n$ hexo --version//查看版本，检查是否成功\n```\n\n接下来决定安装目录\n\n```\n$ pwd\nusername//个人文件夹，各自选择\n$ mkdir blog //在当前目录下创建blog文件夹，后续操作全部在此文件夹下，名字各自取\n$ cd blog//进入blog\n```\n\n接下来开始用hexo搭建blog\n\n```\n$ hexo init\nINFO Clioning hexo-starter to /User/username/blog\n...\nClioning into \"/User/username/blog/themes/landscape\"...\n//初始给你了个landscape的主题\n...\nINFO Start blogging with Hexo!\n```\n\nhexo目前已经安装完整。\n\n##  启动blog\n\n```\n$ hexo s//启动hexo博客\nINFO Start processing\nINFO Hexo is running at http://localhost:4000. Press Ctrl+C to stop.\n```\n\n​\t在浏览器输入localhost:4000，就能看到目前生成在本地的blog了。\n\n​\tHexo给你新建了一个HelloWorld文章，里面有hexo的一些操作，可以关注一下。\n\n##  写post\n\n​\t现在写一篇自己的post。\n\n```\nhexo n \"我的第一篇博客文章\"//new了一个名字为“我的第一篇博客文章”的markdown文件。\n```\n\n​\t该post在blog的下属文件夹\n\n```\n$ cd source/_posts/\n```\n\n​\t用vim或者别的什么markdown工具编辑文件\n\n```\n---\ntitle: 我的第一篇博客文章\ndate: 2020-0x-0x 12:20:20\ntags: 标签\n---\n注意在上面：的后面一定要接一个空格\n```\n\n​\t保存退出，接下来退回blog文件夹下\n\n```\n$ cd ../..\n$ pwd\n/Users/username/blog\n```\n\n​\t然后进行下面的操作\n\n```\n$ hexo clean\n$ hexo g//生成hexoblog\n$ hexo s//再次启动hexo\n```\n\n​\t之后刷新一下localhost:4000，就可以发现已经提交了新的post。\n\n##  部署到github上\n\n​\t第一步，当然是登录github\n\n​\t第二步，新建一个库，库名为 xxxx.github.io(注意xxxx是你的名字，比如我是TZSY，就是TZSY.github.io),必须符合要求。随意写下description然后create repository就完事了。\n\n​\t然后回到shell，安装一个工具\n\n```\n$ cnpm install --save hexo-deployer-git\n```\n\n​\t安装完成，我们就需要配置这个工具了。打开_config.yml，我照样使用vim打开。\n\n```\n$ vim _config.yml\n```\n\n​\t到最底部\n\n```\n# Deployment\n## Docs: http://hexo.io/docs/deployment.html\ndeploy:\n  type:\n```\n\n​\t改成\n\n```\n# Deployment\n## Docs: http://hexo.io/docs/deployment.html\ndeploy:\n  type: git\n  repo: https://github.com/xxxx/xxxx.github.io.git\n  branch:master\n```\n\n​\txxxx是各自的昵称，当然可以去github那边直接复制这个https://.....;branch不写就是默认master，要改分支就改成自己想要的分支。\n\n​\t_config.yml目前就修改完成了，下一步就是部署到远端。\n\n```\n$ hexo d\nUsername for \"https://github.com\":\nPassword for \"https://xxxx@github.com\":\n输入就完事了\n```\n\n​\t可能还会有报错，我遇到的是没有global设置\n\n```\n$ git config --global user.email \"xxxx@xx.com\"\n$ git config --global user.name \"xxxx\"\n```\n\n​\t设置完成后再\n\n```\n$ hexo d\n```\n\n​\t就部署成功了，可以使用xxxx.github.io访问了。\n##  主题的更换\n\n​\t还是在blog目录下操作\n\n```\n$ git clone http://github.com/litten/hexo-theme-yilia.git themes/yilia\n```\n\n​\t这是一个叫yilia的hexo主题，大家可以自行寻找其他的主题，还是一样的操作。\n\n​\t修改_config.yml中的theme行\n\n```\n$ theme: landscape  \n改成\n$ theme: yilia\n```\n\n​\t保存退出。\n\n```\n$ hexo clean\n$ hexo g\n$ hexo s\n$ hexo d\n```\n\n​\t然后进去之后再按照各自主题的说明进行对_config.yml的修改。\n\n##  参考资料\n\n​\t搭建blog的大部分内容都参考于B站CodeSheep的讲解视频。非常感谢他的视频对我的指导。以下贴出视频链接：https://www.bilibili.com/video/BV1Yb411a7ty/\n\n\n","slug":"个人BLOG的搭建","published":1,"updated":"2020-09-19T09:10:29.827Z","comments":1,"layout":"post","photos":[],"link":"","_id":"ckf9genq200009o5019lk8trn","content":"<h1 id=\"搭建blog的流程\"><a href=\"#搭建blog的流程\" class=\"headerlink\" title=\"搭建blog的流程\"></a>搭建blog的流程</h1><h2 id=\"前言\"><a href=\"#前言\" class=\"headerlink\" title=\"前言\"></a>前言</h2><p>​    近来学习git的用法，尝试使用github来管理自己的文件，干脆就继续搭一个git的blog，以后估计也会一直维护，不断改进。正好完成该blog的第一个post。</p>\n<p>​    搭建环境是ubuntu，这篇仅仅只是搭建。</p>\n<p>​    在搭建时建议进入root模式，避免权限问题，如下进入</p>\n<figure class=\"highlight plain\"><table><tr><td class=\"gutter\"><pre><span class=\"line\">1</span><br></pre></td><td class=\"code\"><pre><span class=\"line\">$sudo su</span><br></pre></td></tr></table></figure>\n\n\n\n<h2 id=\"安装nodejs和npm\"><a href=\"#安装nodejs和npm\" class=\"headerlink\" title=\"安装nodejs和npm\"></a>安装nodejs和npm</h2><p>​    在网上了解了一下，选择了hexo框架来搭建blog，前置当然是要下载的。</p>\n<figure class=\"highlight plain\"><table><tr><td class=\"gutter\"><pre><span class=\"line\">1</span><br><span class=\"line\">2</span><br><span class=\"line\">3</span><br><span class=\"line\">4</span><br><span class=\"line\">5</span><br></pre></td><td class=\"code\"><pre><span class=\"line\">$ apt install node&#x2F;&#x2F;安装nodejs</span><br><span class=\"line\">$ apt install npm&#x2F;&#x2F;安装npm</span><br><span class=\"line\">$ npm install -g cnpm --registry&#x3D;http:&#x2F;&#x2F;registry.npm.taobao.org</span><br><span class=\"line\">&#x2F;&#x2F;换taobao的源用npm下载cnpm</span><br><span class=\"line\">&#x2F;&#x2F;安装完成可以使用--version查看版本</span><br></pre></td></tr></table></figure>\n\n<h2 id=\"全局安装hexo\"><a href=\"#全局安装hexo\" class=\"headerlink\" title=\"全局安装hexo\"></a>全局安装hexo</h2><figure class=\"highlight plain\"><table><tr><td class=\"gutter\"><pre><span class=\"line\">1</span><br><span class=\"line\">2</span><br></pre></td><td class=\"code\"><pre><span class=\"line\">$ cnpm install -g hexo-cli</span><br><span class=\"line\">$ hexo --version&#x2F;&#x2F;查看版本，检查是否成功</span><br></pre></td></tr></table></figure>\n\n<p>接下来决定安装目录</p>\n<figure class=\"highlight plain\"><table><tr><td class=\"gutter\"><pre><span class=\"line\">1</span><br><span class=\"line\">2</span><br><span class=\"line\">3</span><br><span class=\"line\">4</span><br></pre></td><td class=\"code\"><pre><span class=\"line\">$ pwd</span><br><span class=\"line\">username&#x2F;&#x2F;个人文件夹，各自选择</span><br><span class=\"line\">$ mkdir blog &#x2F;&#x2F;在当前目录下创建blog文件夹，后续操作全部在此文件夹下，名字各自取</span><br><span class=\"line\">$ cd blog&#x2F;&#x2F;进入blog</span><br></pre></td></tr></table></figure>\n\n<p>接下来开始用hexo搭建blog</p>\n<figure class=\"highlight plain\"><table><tr><td class=\"gutter\"><pre><span class=\"line\">1</span><br><span class=\"line\">2</span><br><span class=\"line\">3</span><br><span class=\"line\">4</span><br><span class=\"line\">5</span><br><span class=\"line\">6</span><br><span class=\"line\">7</span><br></pre></td><td class=\"code\"><pre><span class=\"line\">$ hexo init</span><br><span class=\"line\">INFO Clioning hexo-starter to &#x2F;User&#x2F;username&#x2F;blog</span><br><span class=\"line\">...</span><br><span class=\"line\">Clioning into &quot;&#x2F;User&#x2F;username&#x2F;blog&#x2F;themes&#x2F;landscape&quot;...</span><br><span class=\"line\">&#x2F;&#x2F;初始给你了个landscape的主题</span><br><span class=\"line\">...</span><br><span class=\"line\">INFO Start blogging with Hexo!</span><br></pre></td></tr></table></figure>\n\n<p>hexo目前已经安装完整。</p>\n<h2 id=\"启动blog\"><a href=\"#启动blog\" class=\"headerlink\" title=\"启动blog\"></a>启动blog</h2><figure class=\"highlight plain\"><table><tr><td class=\"gutter\"><pre><span class=\"line\">1</span><br><span class=\"line\">2</span><br><span class=\"line\">3</span><br></pre></td><td class=\"code\"><pre><span class=\"line\">$ hexo s&#x2F;&#x2F;启动hexo博客</span><br><span class=\"line\">INFO Start processing</span><br><span class=\"line\">INFO Hexo is running at http:&#x2F;&#x2F;localhost:4000. Press Ctrl+C to stop.</span><br></pre></td></tr></table></figure>\n\n<p>​    在浏览器输入localhost:4000，就能看到目前生成在本地的blog了。</p>\n<p>​    Hexo给你新建了一个HelloWorld文章，里面有hexo的一些操作，可以关注一下。</p>\n<h2 id=\"写post\"><a href=\"#写post\" class=\"headerlink\" title=\"写post\"></a>写post</h2><p>​    现在写一篇自己的post。</p>\n<figure class=\"highlight plain\"><table><tr><td class=\"gutter\"><pre><span class=\"line\">1</span><br></pre></td><td class=\"code\"><pre><span class=\"line\">hexo n &quot;我的第一篇博客文章&quot;&#x2F;&#x2F;new了一个名字为“我的第一篇博客文章”的markdown文件。</span><br></pre></td></tr></table></figure>\n\n<p>​    该post在blog的下属文件夹</p>\n<figure class=\"highlight plain\"><table><tr><td class=\"gutter\"><pre><span class=\"line\">1</span><br></pre></td><td class=\"code\"><pre><span class=\"line\">$ cd source&#x2F;_posts&#x2F;</span><br></pre></td></tr></table></figure>\n\n<p>​    用vim或者别的什么markdown工具编辑文件</p>\n<figure class=\"highlight plain\"><table><tr><td class=\"gutter\"><pre><span class=\"line\">1</span><br><span class=\"line\">2</span><br><span class=\"line\">3</span><br><span class=\"line\">4</span><br><span class=\"line\">5</span><br><span class=\"line\">6</span><br></pre></td><td class=\"code\"><pre><span class=\"line\">---</span><br><span class=\"line\">title: 我的第一篇博客文章</span><br><span class=\"line\">date: 2020-0x-0x 12:20:20</span><br><span class=\"line\">tags: 标签</span><br><span class=\"line\">---</span><br><span class=\"line\">注意在上面：的后面一定要接一个空格</span><br></pre></td></tr></table></figure>\n\n<p>​    保存退出，接下来退回blog文件夹下</p>\n<figure class=\"highlight plain\"><table><tr><td class=\"gutter\"><pre><span class=\"line\">1</span><br><span class=\"line\">2</span><br><span class=\"line\">3</span><br></pre></td><td class=\"code\"><pre><span class=\"line\">$ cd ..&#x2F;..</span><br><span class=\"line\">$ pwd</span><br><span class=\"line\">&#x2F;Users&#x2F;username&#x2F;blog</span><br></pre></td></tr></table></figure>\n\n<p>​    然后进行下面的操作</p>\n<figure class=\"highlight plain\"><table><tr><td class=\"gutter\"><pre><span class=\"line\">1</span><br><span class=\"line\">2</span><br><span class=\"line\">3</span><br></pre></td><td class=\"code\"><pre><span class=\"line\">$ hexo clean</span><br><span class=\"line\">$ hexo g&#x2F;&#x2F;生成hexoblog</span><br><span class=\"line\">$ hexo s&#x2F;&#x2F;再次启动hexo</span><br></pre></td></tr></table></figure>\n\n<p>​    之后刷新一下localhost:4000，就可以发现已经提交了新的post。</p>\n<h2 id=\"部署到github上\"><a href=\"#部署到github上\" class=\"headerlink\" title=\"部署到github上\"></a>部署到github上</h2><p>​    第一步，当然是登录github</p>\n<p>​    第二步，新建一个库，库名为 xxxx.github.io(注意xxxx是你的名字，比如我是TZSY，就是TZSY.github.io),必须符合要求。随意写下description然后create repository就完事了。</p>\n<p>​    然后回到shell，安装一个工具</p>\n<figure class=\"highlight plain\"><table><tr><td class=\"gutter\"><pre><span class=\"line\">1</span><br></pre></td><td class=\"code\"><pre><span class=\"line\">$ cnpm install --save hexo-deployer-git</span><br></pre></td></tr></table></figure>\n\n<p>​    安装完成，我们就需要配置这个工具了。打开_config.yml，我照样使用vim打开。</p>\n<figure class=\"highlight plain\"><table><tr><td class=\"gutter\"><pre><span class=\"line\">1</span><br></pre></td><td class=\"code\"><pre><span class=\"line\">$ vim _config.yml</span><br></pre></td></tr></table></figure>\n\n<p>​    到最底部</p>\n<figure class=\"highlight plain\"><table><tr><td class=\"gutter\"><pre><span class=\"line\">1</span><br><span class=\"line\">2</span><br><span class=\"line\">3</span><br><span class=\"line\">4</span><br></pre></td><td class=\"code\"><pre><span class=\"line\"># Deployment</span><br><span class=\"line\">## Docs: http:&#x2F;&#x2F;hexo.io&#x2F;docs&#x2F;deployment.html</span><br><span class=\"line\">deploy:</span><br><span class=\"line\">  type:</span><br></pre></td></tr></table></figure>\n\n<p>​    改成</p>\n<figure class=\"highlight plain\"><table><tr><td class=\"gutter\"><pre><span class=\"line\">1</span><br><span class=\"line\">2</span><br><span class=\"line\">3</span><br><span class=\"line\">4</span><br><span class=\"line\">5</span><br><span class=\"line\">6</span><br></pre></td><td class=\"code\"><pre><span class=\"line\"># Deployment</span><br><span class=\"line\">## Docs: http:&#x2F;&#x2F;hexo.io&#x2F;docs&#x2F;deployment.html</span><br><span class=\"line\">deploy:</span><br><span class=\"line\">  type: git</span><br><span class=\"line\">  repo: https:&#x2F;&#x2F;github.com&#x2F;xxxx&#x2F;xxxx.github.io.git</span><br><span class=\"line\">  branch:master</span><br></pre></td></tr></table></figure>\n\n<p>​    xxxx是各自的昵称，当然可以去github那边直接复制这个https://…..;branch不写就是默认master，要改分支就改成自己想要的分支。</p>\n<p>​    _config.yml目前就修改完成了，下一步就是部署到远端。</p>\n<figure class=\"highlight plain\"><table><tr><td class=\"gutter\"><pre><span class=\"line\">1</span><br><span class=\"line\">2</span><br><span class=\"line\">3</span><br><span class=\"line\">4</span><br></pre></td><td class=\"code\"><pre><span class=\"line\">$ hexo d</span><br><span class=\"line\">Username for &quot;https:&#x2F;&#x2F;github.com&quot;:</span><br><span class=\"line\">Password for &quot;https:&#x2F;&#x2F;xxxx@github.com&quot;:</span><br><span class=\"line\">输入就完事了</span><br></pre></td></tr></table></figure>\n\n<p>​    可能还会有报错，我遇到的是没有global设置</p>\n<figure class=\"highlight plain\"><table><tr><td class=\"gutter\"><pre><span class=\"line\">1</span><br><span class=\"line\">2</span><br></pre></td><td class=\"code\"><pre><span class=\"line\">$ git config --global user.email &quot;xxxx@xx.com&quot;</span><br><span class=\"line\">$ git config --global user.name &quot;xxxx&quot;</span><br></pre></td></tr></table></figure>\n\n<p>​    设置完成后再</p>\n<figure class=\"highlight plain\"><table><tr><td class=\"gutter\"><pre><span class=\"line\">1</span><br></pre></td><td class=\"code\"><pre><span class=\"line\">$ hexo d</span><br></pre></td></tr></table></figure>\n\n<p>​    就部署成功了，可以使用xxxx.github.io访问了。</p>\n<h2 id=\"主题的更换\"><a href=\"#主题的更换\" class=\"headerlink\" title=\"主题的更换\"></a>主题的更换</h2><p>​    还是在blog目录下操作</p>\n<figure class=\"highlight plain\"><table><tr><td class=\"gutter\"><pre><span class=\"line\">1</span><br></pre></td><td class=\"code\"><pre><span class=\"line\">$ git clone http:&#x2F;&#x2F;github.com&#x2F;litten&#x2F;hexo-theme-yilia.git themes&#x2F;yilia</span><br></pre></td></tr></table></figure>\n\n<p>​    这是一个叫yilia的hexo主题，大家可以自行寻找其他的主题，还是一样的操作。</p>\n<p>​    修改_config.yml中的theme行</p>\n<figure class=\"highlight plain\"><table><tr><td class=\"gutter\"><pre><span class=\"line\">1</span><br><span class=\"line\">2</span><br><span class=\"line\">3</span><br></pre></td><td class=\"code\"><pre><span class=\"line\">$ theme: landscape  </span><br><span class=\"line\">改成</span><br><span class=\"line\">$ theme: yilia</span><br></pre></td></tr></table></figure>\n\n<p>​    保存退出。</p>\n<figure class=\"highlight plain\"><table><tr><td class=\"gutter\"><pre><span class=\"line\">1</span><br><span class=\"line\">2</span><br><span class=\"line\">3</span><br><span class=\"line\">4</span><br></pre></td><td class=\"code\"><pre><span class=\"line\">$ hexo clean</span><br><span class=\"line\">$ hexo g</span><br><span class=\"line\">$ hexo s</span><br><span class=\"line\">$ hexo d</span><br></pre></td></tr></table></figure>\n\n<p>​    然后进去之后再按照各自主题的说明进行对_config.yml的修改。</p>\n<h2 id=\"参考资料\"><a href=\"#参考资料\" class=\"headerlink\" title=\"参考资料\"></a>参考资料</h2><p>​    搭建blog的大部分内容都参考于B站CodeSheep的讲解视频。非常感谢他的视频对我的指导。以下贴出视频链接：<a href=\"https://www.bilibili.com/video/BV1Yb411a7ty/\">https://www.bilibili.com/video/BV1Yb411a7ty/</a></p>\n","site":{"data":{}},"excerpt":"","more":"<h1 id=\"搭建blog的流程\"><a href=\"#搭建blog的流程\" class=\"headerlink\" title=\"搭建blog的流程\"></a>搭建blog的流程</h1><h2 id=\"前言\"><a href=\"#前言\" class=\"headerlink\" title=\"前言\"></a>前言</h2><p>​    近来学习git的用法，尝试使用github来管理自己的文件，干脆就继续搭一个git的blog，以后估计也会一直维护，不断改进。正好完成该blog的第一个post。</p>\n<p>​    搭建环境是ubuntu，这篇仅仅只是搭建。</p>\n<p>​    在搭建时建议进入root模式，避免权限问题，如下进入</p>\n<figure class=\"highlight plain\"><table><tr><td class=\"gutter\"><pre><span class=\"line\">1</span><br></pre></td><td class=\"code\"><pre><span class=\"line\">$sudo su</span><br></pre></td></tr></table></figure>\n\n\n\n<h2 id=\"安装nodejs和npm\"><a href=\"#安装nodejs和npm\" class=\"headerlink\" title=\"安装nodejs和npm\"></a>安装nodejs和npm</h2><p>​    在网上了解了一下，选择了hexo框架来搭建blog，前置当然是要下载的。</p>\n<figure class=\"highlight plain\"><table><tr><td class=\"gutter\"><pre><span class=\"line\">1</span><br><span class=\"line\">2</span><br><span class=\"line\">3</span><br><span class=\"line\">4</span><br><span class=\"line\">5</span><br></pre></td><td class=\"code\"><pre><span class=\"line\">$ apt install node&#x2F;&#x2F;安装nodejs</span><br><span class=\"line\">$ apt install npm&#x2F;&#x2F;安装npm</span><br><span class=\"line\">$ npm install -g cnpm --registry&#x3D;http:&#x2F;&#x2F;registry.npm.taobao.org</span><br><span class=\"line\">&#x2F;&#x2F;换taobao的源用npm下载cnpm</span><br><span class=\"line\">&#x2F;&#x2F;安装完成可以使用--version查看版本</span><br></pre></td></tr></table></figure>\n\n<h2 id=\"全局安装hexo\"><a href=\"#全局安装hexo\" class=\"headerlink\" title=\"全局安装hexo\"></a>全局安装hexo</h2><figure class=\"highlight plain\"><table><tr><td class=\"gutter\"><pre><span class=\"line\">1</span><br><span class=\"line\">2</span><br></pre></td><td class=\"code\"><pre><span class=\"line\">$ cnpm install -g hexo-cli</span><br><span class=\"line\">$ hexo --version&#x2F;&#x2F;查看版本，检查是否成功</span><br></pre></td></tr></table></figure>\n\n<p>接下来决定安装目录</p>\n<figure class=\"highlight plain\"><table><tr><td class=\"gutter\"><pre><span class=\"line\">1</span><br><span class=\"line\">2</span><br><span class=\"line\">3</span><br><span class=\"line\">4</span><br></pre></td><td class=\"code\"><pre><span class=\"line\">$ pwd</span><br><span class=\"line\">username&#x2F;&#x2F;个人文件夹，各自选择</span><br><span class=\"line\">$ mkdir blog &#x2F;&#x2F;在当前目录下创建blog文件夹，后续操作全部在此文件夹下，名字各自取</span><br><span class=\"line\">$ cd blog&#x2F;&#x2F;进入blog</span><br></pre></td></tr></table></figure>\n\n<p>接下来开始用hexo搭建blog</p>\n<figure class=\"highlight plain\"><table><tr><td class=\"gutter\"><pre><span class=\"line\">1</span><br><span class=\"line\">2</span><br><span class=\"line\">3</span><br><span class=\"line\">4</span><br><span class=\"line\">5</span><br><span class=\"line\">6</span><br><span class=\"line\">7</span><br></pre></td><td class=\"code\"><pre><span class=\"line\">$ hexo init</span><br><span class=\"line\">INFO Clioning hexo-starter to &#x2F;User&#x2F;username&#x2F;blog</span><br><span class=\"line\">...</span><br><span class=\"line\">Clioning into &quot;&#x2F;User&#x2F;username&#x2F;blog&#x2F;themes&#x2F;landscape&quot;...</span><br><span class=\"line\">&#x2F;&#x2F;初始给你了个landscape的主题</span><br><span class=\"line\">...</span><br><span class=\"line\">INFO Start blogging with Hexo!</span><br></pre></td></tr></table></figure>\n\n<p>hexo目前已经安装完整。</p>\n<h2 id=\"启动blog\"><a href=\"#启动blog\" class=\"headerlink\" title=\"启动blog\"></a>启动blog</h2><figure class=\"highlight plain\"><table><tr><td class=\"gutter\"><pre><span class=\"line\">1</span><br><span class=\"line\">2</span><br><span class=\"line\">3</span><br></pre></td><td class=\"code\"><pre><span class=\"line\">$ hexo s&#x2F;&#x2F;启动hexo博客</span><br><span class=\"line\">INFO Start processing</span><br><span class=\"line\">INFO Hexo is running at http:&#x2F;&#x2F;localhost:4000. Press Ctrl+C to stop.</span><br></pre></td></tr></table></figure>\n\n<p>​    在浏览器输入localhost:4000，就能看到目前生成在本地的blog了。</p>\n<p>​    Hexo给你新建了一个HelloWorld文章，里面有hexo的一些操作，可以关注一下。</p>\n<h2 id=\"写post\"><a href=\"#写post\" class=\"headerlink\" title=\"写post\"></a>写post</h2><p>​    现在写一篇自己的post。</p>\n<figure class=\"highlight plain\"><table><tr><td class=\"gutter\"><pre><span class=\"line\">1</span><br></pre></td><td class=\"code\"><pre><span class=\"line\">hexo n &quot;我的第一篇博客文章&quot;&#x2F;&#x2F;new了一个名字为“我的第一篇博客文章”的markdown文件。</span><br></pre></td></tr></table></figure>\n\n<p>​    该post在blog的下属文件夹</p>\n<figure class=\"highlight plain\"><table><tr><td class=\"gutter\"><pre><span class=\"line\">1</span><br></pre></td><td class=\"code\"><pre><span class=\"line\">$ cd source&#x2F;_posts&#x2F;</span><br></pre></td></tr></table></figure>\n\n<p>​    用vim或者别的什么markdown工具编辑文件</p>\n<figure class=\"highlight plain\"><table><tr><td class=\"gutter\"><pre><span class=\"line\">1</span><br><span class=\"line\">2</span><br><span class=\"line\">3</span><br><span class=\"line\">4</span><br><span class=\"line\">5</span><br><span class=\"line\">6</span><br></pre></td><td class=\"code\"><pre><span class=\"line\">---</span><br><span class=\"line\">title: 我的第一篇博客文章</span><br><span class=\"line\">date: 2020-0x-0x 12:20:20</span><br><span class=\"line\">tags: 标签</span><br><span class=\"line\">---</span><br><span class=\"line\">注意在上面：的后面一定要接一个空格</span><br></pre></td></tr></table></figure>\n\n<p>​    保存退出，接下来退回blog文件夹下</p>\n<figure class=\"highlight plain\"><table><tr><td class=\"gutter\"><pre><span class=\"line\">1</span><br><span class=\"line\">2</span><br><span class=\"line\">3</span><br></pre></td><td class=\"code\"><pre><span class=\"line\">$ cd ..&#x2F;..</span><br><span class=\"line\">$ pwd</span><br><span class=\"line\">&#x2F;Users&#x2F;username&#x2F;blog</span><br></pre></td></tr></table></figure>\n\n<p>​    然后进行下面的操作</p>\n<figure class=\"highlight plain\"><table><tr><td class=\"gutter\"><pre><span class=\"line\">1</span><br><span class=\"line\">2</span><br><span class=\"line\">3</span><br></pre></td><td class=\"code\"><pre><span class=\"line\">$ hexo clean</span><br><span class=\"line\">$ hexo g&#x2F;&#x2F;生成hexoblog</span><br><span class=\"line\">$ hexo s&#x2F;&#x2F;再次启动hexo</span><br></pre></td></tr></table></figure>\n\n<p>​    之后刷新一下localhost:4000，就可以发现已经提交了新的post。</p>\n<h2 id=\"部署到github上\"><a href=\"#部署到github上\" class=\"headerlink\" title=\"部署到github上\"></a>部署到github上</h2><p>​    第一步，当然是登录github</p>\n<p>​    第二步，新建一个库，库名为 xxxx.github.io(注意xxxx是你的名字，比如我是TZSY，就是TZSY.github.io),必须符合要求。随意写下description然后create repository就完事了。</p>\n<p>​    然后回到shell，安装一个工具</p>\n<figure class=\"highlight plain\"><table><tr><td class=\"gutter\"><pre><span class=\"line\">1</span><br></pre></td><td class=\"code\"><pre><span class=\"line\">$ cnpm install --save hexo-deployer-git</span><br></pre></td></tr></table></figure>\n\n<p>​    安装完成，我们就需要配置这个工具了。打开_config.yml，我照样使用vim打开。</p>\n<figure class=\"highlight plain\"><table><tr><td class=\"gutter\"><pre><span class=\"line\">1</span><br></pre></td><td class=\"code\"><pre><span class=\"line\">$ vim _config.yml</span><br></pre></td></tr></table></figure>\n\n<p>​    到最底部</p>\n<figure class=\"highlight plain\"><table><tr><td class=\"gutter\"><pre><span class=\"line\">1</span><br><span class=\"line\">2</span><br><span class=\"line\">3</span><br><span class=\"line\">4</span><br></pre></td><td class=\"code\"><pre><span class=\"line\"># Deployment</span><br><span class=\"line\">## Docs: http:&#x2F;&#x2F;hexo.io&#x2F;docs&#x2F;deployment.html</span><br><span class=\"line\">deploy:</span><br><span class=\"line\">  type:</span><br></pre></td></tr></table></figure>\n\n<p>​    改成</p>\n<figure class=\"highlight plain\"><table><tr><td class=\"gutter\"><pre><span class=\"line\">1</span><br><span class=\"line\">2</span><br><span class=\"line\">3</span><br><span class=\"line\">4</span><br><span class=\"line\">5</span><br><span class=\"line\">6</span><br></pre></td><td class=\"code\"><pre><span class=\"line\"># Deployment</span><br><span class=\"line\">## Docs: http:&#x2F;&#x2F;hexo.io&#x2F;docs&#x2F;deployment.html</span><br><span class=\"line\">deploy:</span><br><span class=\"line\">  type: git</span><br><span class=\"line\">  repo: https:&#x2F;&#x2F;github.com&#x2F;xxxx&#x2F;xxxx.github.io.git</span><br><span class=\"line\">  branch:master</span><br></pre></td></tr></table></figure>\n\n<p>​    xxxx是各自的昵称，当然可以去github那边直接复制这个https://…..;branch不写就是默认master，要改分支就改成自己想要的分支。</p>\n<p>​    _config.yml目前就修改完成了，下一步就是部署到远端。</p>\n<figure class=\"highlight plain\"><table><tr><td class=\"gutter\"><pre><span class=\"line\">1</span><br><span class=\"line\">2</span><br><span class=\"line\">3</span><br><span class=\"line\">4</span><br></pre></td><td class=\"code\"><pre><span class=\"line\">$ hexo d</span><br><span class=\"line\">Username for &quot;https:&#x2F;&#x2F;github.com&quot;:</span><br><span class=\"line\">Password for &quot;https:&#x2F;&#x2F;xxxx@github.com&quot;:</span><br><span class=\"line\">输入就完事了</span><br></pre></td></tr></table></figure>\n\n<p>​    可能还会有报错，我遇到的是没有global设置</p>\n<figure class=\"highlight plain\"><table><tr><td class=\"gutter\"><pre><span class=\"line\">1</span><br><span class=\"line\">2</span><br></pre></td><td class=\"code\"><pre><span class=\"line\">$ git config --global user.email &quot;xxxx@xx.com&quot;</span><br><span class=\"line\">$ git config --global user.name &quot;xxxx&quot;</span><br></pre></td></tr></table></figure>\n\n<p>​    设置完成后再</p>\n<figure class=\"highlight plain\"><table><tr><td class=\"gutter\"><pre><span class=\"line\">1</span><br></pre></td><td class=\"code\"><pre><span class=\"line\">$ hexo d</span><br></pre></td></tr></table></figure>\n\n<p>​    就部署成功了，可以使用xxxx.github.io访问了。</p>\n<h2 id=\"主题的更换\"><a href=\"#主题的更换\" class=\"headerlink\" title=\"主题的更换\"></a>主题的更换</h2><p>​    还是在blog目录下操作</p>\n<figure class=\"highlight plain\"><table><tr><td class=\"gutter\"><pre><span class=\"line\">1</span><br></pre></td><td class=\"code\"><pre><span class=\"line\">$ git clone http:&#x2F;&#x2F;github.com&#x2F;litten&#x2F;hexo-theme-yilia.git themes&#x2F;yilia</span><br></pre></td></tr></table></figure>\n\n<p>​    这是一个叫yilia的hexo主题，大家可以自行寻找其他的主题，还是一样的操作。</p>\n<p>​    修改_config.yml中的theme行</p>\n<figure class=\"highlight plain\"><table><tr><td class=\"gutter\"><pre><span class=\"line\">1</span><br><span class=\"line\">2</span><br><span class=\"line\">3</span><br></pre></td><td class=\"code\"><pre><span class=\"line\">$ theme: landscape  </span><br><span class=\"line\">改成</span><br><span class=\"line\">$ theme: yilia</span><br></pre></td></tr></table></figure>\n\n<p>​    保存退出。</p>\n<figure class=\"highlight plain\"><table><tr><td class=\"gutter\"><pre><span class=\"line\">1</span><br><span class=\"line\">2</span><br><span class=\"line\">3</span><br><span class=\"line\">4</span><br></pre></td><td class=\"code\"><pre><span class=\"line\">$ hexo clean</span><br><span class=\"line\">$ hexo g</span><br><span class=\"line\">$ hexo s</span><br><span class=\"line\">$ hexo d</span><br></pre></td></tr></table></figure>\n\n<p>​    然后进去之后再按照各自主题的说明进行对_config.yml的修改。</p>\n<h2 id=\"参考资料\"><a href=\"#参考资料\" class=\"headerlink\" title=\"参考资料\"></a>参考资料</h2><p>​    搭建blog的大部分内容都参考于B站CodeSheep的讲解视频。非常感谢他的视频对我的指导。以下贴出视频链接：<a href=\"https://www.bilibili.com/video/BV1Yb411a7ty/\">https://www.bilibili.com/video/BV1Yb411a7ty/</a></p>\n"}],"PostAsset":[],"PostCategory":[],"PostTag":[{"post_id":"ckf9genq200009o5019lk8trn","tag_id":"ckf9genq800019o509ib48hf2","_id":"ckf9genq900029o504rste6hv"}],"Tag":[{"name":"教程","_id":"ckf9genq800019o509ib48hf2"}]}}